bin,n,rate_absdelta_gt,rate_typeI_II,mean_delta,share_cells,year
0.0-0.1,13,0.1538,0.0,0.0318,0.0011,1986
0.1-0.2,78,0.1282,0.0,0.026,0.0068,1986
0.2-0.3,170,0.1529,0.0059,0.0314,0.0148,1986
0.3-0.4,283,0.2756,0.1307,0.0372,0.0246,1986
0.4-0.5,385,0.226,0.387,0.0289,0.0335,1986
0.5-0.6,485,0.2619,0.2206,0.0212,0.0422,1986
0.6-0.7,672,0.2247,0.0298,0.0136,0.0584,1986
0.7-0.8,997,0.2086,0.004,0.0035,0.0867,1986
0.8-0.9,1573,0.1113,0.0,-0.0059,0.1368,1986
0.9-1.0,6844,0.0149,0.0,-0.0063,0.5951,1986
0.0-0.1,14,0.1429,0.0,0.0338,0.0012,1987
0.1-0.2,87,0.1379,0.0,0.027,0.0076,1987
0.2-0.3,184,0.1902,0.0163,0.0399,0.016,1987
0.3-0.4,311,0.2669,0.1254,0.0347,0.027,1987
0.4-0.5,397,0.2242,0.3678,0.0254,0.0345,1987
0.5-0.6,535,0.2935,0.2112,0.0257,0.0465,1987
0.6-0.7,688,0.2355,0.032,0.009,0.0598,1987
0.7-0.8,1042,0.2102,0.0038,0.0022,0.0906,1987
0.8-0.9,1583,0.1105,0.0,-0.0068,0.1377,1987
0.9-1.0,6659,0.0167,0.0,-0.0065,0.579,1987
0.0-0.1,16,0.0625,0.0,0.0255,0.0014,1988
0.1-0.2,101,0.1485,0.0,0.0314,0.0088,1988
0.2-0.3,194,0.201,0.0103,0.0377,0.0169,1988
0.3-0.4,340,0.2618,0.1265,0.0355,0.0296,1988
0.4-0.5,427,0.2529,0.4028,0.0266,0.0371,1988
0.5-0.6,557,0.2657,0.2029,0.0205,0.0484,1988
0.6-0.7,742,0.2534,0.0445,0.0085,0.0645,1988
0.7-0.8,1059,0.2087,0.0038,0.0021,0.0921,1988
0.8-0.9,1602,0.1024,0.0,-0.0075,0.1393,1988
0.9-1.0,6462,0.017,0.0,-0.0066,0.5619,1988
0.0-0.1,14,0.0714,0.0,0.0226,0.0012,1989
0.1-0.2,103,0.1262,0.0,0.0264,0.009,1989
0.2-0.3,207,0.2126,0.0145,0.0406,0.018,1989
0.3-0.4,368,0.2527,0.106,0.0329,0.032,1989
0.4-0.5,449,0.2606,0.4031,0.0279,0.039,1989
0.5-0.6,587,0.2777,0.2198,0.0192,0.051,1989
0.6-0.7,763,0.2569,0.0419,0.0081,0.0663,1989
0.7-0.8,1097,0.2151,0.0046,0.0007,0.0954,1989
0.8-0.9,1618,0.1112,0.0,-0.0099,0.1407,1989
0.9-1.0,6294,0.0173,0.0,-0.0066,0.5473,1989
0.0-0.1,16,0.0625,0.0,0.0197,0.0014,1990
0.1-0.2,113,0.115,0.0,0.0263,0.0098,1990
0.2-0.3,223,0.1749,0.0045,0.0378,0.0194,1990
0.3-0.4,380,0.2632,0.1026,0.0324,0.033,1990
0.4-0.5,473,0.2537,0.3763,0.0253,0.0411,1990
0.5-0.6,615,0.2553,0.226,0.0184,0.0535,1990
0.6-0.7,789,0.256,0.0482,0.0064,0.0686,1990
0.7-0.8,1120,0.2125,0.0027,-0.0007,0.0974,1990
0.8-0.9,1588,0.119,0.0,-0.0089,0.1381,1990
0.9-1.0,6183,0.0175,0.0,-0.0067,0.5377,1990
0.0-0.1,19,0.1053,0.0,0.0292,0.0017,1991
0.1-0.2,125,0.104,0.0,0.0261,0.0109,1991
0.2-0.3,237,0.1646,0.0042,0.0349,0.0206,1991
0.3-0.4,392,0.2755,0.1046,0.0294,0.0341,1991
0.4-0.5,506,0.2609,0.4051,0.0263,0.044,1991
0.5-0.6,627,0.2536,0.2424,0.0153,0.0545,1991
0.6-0.7,833,0.2641,0.048,0.0074,0.0724,1991
0.7-0.8,1136,0.2069,0.0035,-0.0026,0.0988,1991
0.8-0.9,1563,0.1164,0.0,-0.0094,0.1359,1991
0.9-1.0,6062,0.0188,0.0,-0.0069,0.5271,1991
0.0-0.1,21,0.1429,0.0,0.0324,0.0018,1992
0.1-0.2,135,0.0963,0.0,0.0251,0.0117,1992
0.2-0.3,258,0.186,0.0155,0.0361,0.0224,1992
0.3-0.4,434,0.265,0.0968,0.0249,0.0377,1992
0.4-0.5,533,0.2683,0.3884,0.025,0.0463,1992
0.5-0.6,654,0.2645,0.2462,0.0142,0.0569,1992
0.6-0.7,868,0.2615,0.0449,0.0043,0.0755,1992
0.7-0.8,1159,0.201,0.0035,-0.0042,0.1008,1992
0.8-0.9,1530,0.1092,0.0,-0.0092,0.133,1992
0.9-1.0,5908,0.0212,0.0,-0.0071,0.5137,1992
0.0-0.1,23,0.1304,0.0,0.031,0.002,1993
0.1-0.2,155,0.1161,0.0,0.0259,0.0135,1993
0.2-0.3,286,0.1783,0.0175,0.0327,0.0249,1993
0.3-0.4,447,0.2707,0.0895,0.0257,0.0389,1993
0.4-0.5,575,0.2713,0.393,0.0255,0.05,1993
0.5-0.6,688,0.2471,0.2471,0.0124,0.0598,1993
0.6-0.7,929,0.2594,0.0441,0.0059,0.0808,1993
0.7-0.8,1140,0.2079,0.0035,-0.0084,0.0991,1993
0.8-0.9,1519,0.1132,0.0,-0.0087,0.1321,1993
0.9-1.0,5738,0.0207,0.0,-0.0071,0.499,1993
0.0-0.1,24,0.0833,0.0,0.0339,0.0021,1994
0.1-0.2,165,0.103,0.0,0.0256,0.0143,1994
0.2-0.3,330,0.2,0.0182,0.0337,0.0287,1994
0.3-0.4,475,0.2737,0.0758,0.0229,0.0413,1994
0.4-0.5,616,0.2727,0.4058,0.0256,0.0536,1994
0.5-0.6,726,0.2658,0.2438,0.0104,0.0631,1994
0.6-0.7,902,0.2694,0.0399,0.0035,0.0784,1994
0.7-0.8,1123,0.211,0.0036,-0.0075,0.0977,1994
0.8-0.9,1539,0.117,0.0,-0.0091,0.1338,1994
0.9-1.0,5600,0.0209,0.0,-0.007,0.487,1994
0.0-0.1,26,0.0769,0.0,0.0393,0.0023,1995
0.1-0.2,197,0.1066,0.0,0.0265,0.0171,1995
0.2-0.3,353,0.1983,0.0057,0.0318,0.0307,1995
0.3-0.4,504,0.2817,0.0893,0.0236,0.0438,1995
0.4-0.5,645,0.2651,0.3922,0.0248,0.0561,1995
0.5-0.6,790,0.2595,0.2519,0.0111,0.0687,1995
0.6-0.7,947,0.2619,0.0549,-0.0009,0.0823,1995
0.7-0.8,1115,0.2224,0.0045,-0.005,0.097,1995
0.8-0.9,1529,0.1328,0.0,-0.012,0.133,1995
0.9-1.0,5394,0.0219,0.0,-0.0074,0.469,1995
0.0-0.1,30,0.1,0.0,0.0375,0.0026,1996
0.1-0.2,212,0.0991,0.0,0.0252,0.0184,1996
0.2-0.3,386,0.2202,0.0078,0.0346,0.0336,1996
0.3-0.4,559,0.2826,0.0894,0.0211,0.0486,1996
0.4-0.5,680,0.2456,0.375,0.023,0.0591,1996
0.5-0.6,809,0.2719,0.2633,0.01,0.0703,1996
0.6-0.7,976,0.2777,0.0584,-0.0003,0.0849,1996
0.7-0.8,1095,0.2155,0.0027,-0.0089,0.0952,1996
0.8-0.9,1510,0.1371,0.0,-0.0108,0.1313,1996
0.9-1.0,5243,0.0225,0.0,-0.0078,0.4559,1996
0.0-0.1,33,0.0909,0.0,0.033,0.0029,1997
0.1-0.2,229,0.1179,0.0,0.0272,0.0199,1997
0.2-0.3,412,0.216,0.0146,0.0302,0.0358,1997
0.3-0.4,610,0.2803,0.0885,0.0257,0.053,1997
0.4-0.5,720,0.2333,0.3347,0.0187,0.0626,1997
0.5-0.6,836,0.2679,0.2536,0.0111,0.0727,1997
0.6-0.7,993,0.28,0.0534,-0.0037,0.0863,1997
0.7-0.8,1106,0.2233,0.0036,-0.0075,0.0962,1997
0.8-0.9,1447,0.1444,0.0,-0.0119,0.1258,1997
0.9-1.0,5114,0.0213,0.0,-0.008,0.4447,1997
0.0-0.1,37,0.0811,0.0,0.0347,0.0032,1998
0.1-0.2,267,0.1049,0.0,0.0263,0.0232,1998
0.2-0.3,447,0.2282,0.0179,0.0297,0.0389,1998
0.3-0.4,632,0.2579,0.0744,0.0249,0.055,1998
0.4-0.5,759,0.2516,0.357,0.0219,0.066,1998
0.5-0.6,844,0.2737,0.263,0.0088,0.0734,1998
0.6-0.7,1024,0.2705,0.0645,-0.0059,0.089,1998
0.7-0.8,1084,0.2177,0.0046,-0.0089,0.0943,1998
0.8-0.9,1400,0.135,0.0,-0.0122,0.1217,1998
0.9-1.0,5006,0.0216,0.0,-0.0079,0.4353,1998
0.0-0.1,41,0.0732,0.0,0.0364,0.0036,1999
0.1-0.2,306,0.1013,0.0,0.0247,0.0266,1999
0.2-0.3,480,0.2417,0.0167,0.0284,0.0417,1999
0.3-0.4,694,0.2392,0.0793,0.0253,0.0603,1999
0.4-0.5,769,0.251,0.3576,0.0193,0.0669,1999
0.5-0.6,866,0.2714,0.2748,0.0038,0.0753,1999
0.6-0.7,1019,0.2699,0.0667,-0.0037,0.0886,1999
0.7-0.8,1075,0.227,0.0056,-0.0091,0.0935,1999
0.8-0.9,1408,0.1307,0.0,-0.0128,0.1224,1999
0.9-1.0,4842,0.0233,0.0,-0.0082,0.421,1999
0.0-0.1,47,0.0638,0.0,0.0342,0.0041,2000
0.1-0.2,334,0.1108,0.0,0.0228,0.029,2000
0.2-0.3,501,0.2455,0.008,0.0295,0.0436,2000
0.3-0.4,719,0.2392,0.0821,0.0259,0.0625,2000
0.4-0.5,798,0.2556,0.3559,0.0157,0.0694,2000
0.5-0.6,899,0.2925,0.2836,0.0053,0.0782,2000
0.6-0.7,982,0.277,0.0642,-0.0029,0.0854,2000
0.7-0.8,1071,0.2325,0.0065,-0.0095,0.0931,2000
0.8-0.9,1371,0.132,0.0,-0.0136,0.1192,2000
0.9-1.0,4778,0.0232,0.0,-0.0084,0.4155,2000
0.0-0.1,59,0.0847,0.0,0.0322,0.0051,2001
0.1-0.2,349,0.1203,0.0,0.0249,0.0303,2001
0.2-0.3,539,0.2505,0.0056,0.0276,0.0469,2001
0.3-0.4,736,0.2514,0.087,0.0272,0.064,2001
0.4-0.5,811,0.2441,0.3502,0.0146,0.0705,2001
0.5-0.6,909,0.2794,0.2717,0.0076,0.079,2001
0.6-0.7,1003,0.2732,0.0598,-0.0044,0.0872,2001
0.7-0.8,1077,0.2312,0.0065,-0.0103,0.0937,2001
0.8-0.9,1316,0.1307,0.0,-0.0139,0.1144,2001
0.9-1.0,4701,0.0243,0.0,-0.0085,0.4088,2001
0.0-0.1,61,0.0656,0.0,0.0293,0.0053,2002
0.1-0.2,364,0.1236,0.0,0.0239,0.0317,2002
0.2-0.3,577,0.234,0.0035,0.0286,0.0502,2002
0.3-0.4,769,0.2445,0.0806,0.0269,0.0669,2002
0.4-0.5,834,0.2374,0.3333,0.0134,0.0725,2002
0.5-0.6,949,0.2845,0.2613,0.0075,0.0825,2002
0.6-0.7,999,0.2663,0.0641,-0.006,0.0869,2002
0.7-0.8,1075,0.2177,0.0065,-0.0087,0.0935,2002
0.8-0.9,1328,0.1416,0.0,-0.0144,0.1155,2002
0.9-1.0,4544,0.0275,0.0,-0.0093,0.3951,2002
0.0-0.1,65,0.0615,0.0,0.0281,0.0057,2003
0.1-0.2,392,0.1199,0.0,0.0238,0.0341,2003
0.2-0.3,615,0.2455,0.0049,0.0289,0.0535,2003
0.3-0.4,843,0.2527,0.083,0.0261,0.0733,2003
0.4-0.5,866,0.254,0.343,0.0139,0.0753,2003
0.5-0.6,955,0.2827,0.2859,0.0041,0.083,2003
0.6-0.7,1027,0.2561,0.0643,-0.005,0.0893,2003
0.7-0.8,1078,0.2226,0.0074,-0.0102,0.0937,2003
0.8-0.9,1317,0.142,0.0008,-0.0157,0.1145,2003
0.9-1.0,4342,0.0242,0.0,-0.0091,0.3776,2003
0.0-0.1,71,0.0704,0.0,0.0321,0.0062,2004
0.1-0.2,421,0.1188,0.0,0.0235,0.0366,2004
0.2-0.3,669,0.2511,0.0015,0.0296,0.0582,2004
0.3-0.4,860,0.2395,0.0837,0.0244,0.0748,2004
0.4-0.5,915,0.247,0.3235,0.0133,0.0796,2004
0.5-0.6,970,0.2804,0.2897,0.003,0.0843,2004
0.6-0.7,1060,0.2613,0.0642,-0.0046,0.0922,2004
0.7-0.8,1079,0.2215,0.0056,-0.0089,0.0938,2004
0.8-0.9,1314,0.1416,0.0008,-0.0191,0.1143,2004
0.9-1.0,4141,0.0256,0.0,-0.0097,0.3601,2004
0.0-0.1,79,0.0759,0.0,0.0296,0.0069,2005
0.1-0.2,427,0.1265,0.0,0.024,0.0371,2005
0.2-0.3,702,0.2393,0.0057,0.0299,0.061,2005
0.3-0.4,925,0.2249,0.0768,0.0221,0.0804,2005
0.4-0.5,918,0.2451,0.3344,0.0128,0.0798,2005
0.5-0.6,991,0.2886,0.2896,0.0027,0.0862,2005
0.6-0.7,1065,0.2469,0.0629,-0.0038,0.0926,2005
0.7-0.8,1082,0.2255,0.0074,-0.0128,0.0941,2005
0.8-0.9,1277,0.1339,0.0,-0.0176,0.111,2005
0.9-1.0,4034,0.0273,0.0,-0.0099,0.3508,2005
0.0-0.1,81,0.0617,0.0,0.0256,0.007,2006
0.1-0.2,438,0.1324,0.0,0.0245,0.0381,2006
0.2-0.3,732,0.2254,0.0068,0.0309,0.0637,2006
0.3-0.4,958,0.2234,0.0752,0.0214,0.0833,2006
0.4-0.5,922,0.2484,0.3319,0.011,0.0802,2006
0.5-0.6,1026,0.2749,0.2788,0.0045,0.0892,2006
0.6-0.7,1089,0.2626,0.0689,-0.0058,0.0947,2006
0.7-0.8,1076,0.2193,0.0084,-0.0132,0.0936,2006
0.8-0.9,1253,0.1405,0.0,-0.0197,0.109,2006
0.9-1.0,3925,0.0288,0.0,-0.01,0.3413,2006
0.0-0.1,83,0.0482,0.0,0.0251,0.0072,2007
0.1-0.2,447,0.1275,0.0,0.0243,0.0389,2007
0.2-0.3,759,0.2279,0.004,0.0305,0.066,2007
0.3-0.4,975,0.2256,0.0728,0.0212,0.0848,2007
0.4-0.5,935,0.2599,0.338,0.0111,0.0813,2007
0.5-0.6,1043,0.2675,0.2915,0.0042,0.0907,2007
0.6-0.7,1092,0.2573,0.0723,-0.0067,0.095,2007
0.7-0.8,1077,0.2154,0.0065,-0.0141,0.0937,2007
0.8-0.9,1212,0.1502,0.0,-0.0206,0.1054,2007
0.9-1.0,3877,0.0294,0.0,-0.0101,0.3371,2007
0.0-0.1,92,0.0543,0.0,0.0245,0.008,2008
0.1-0.2,455,0.1319,0.0,0.0252,0.0396,2008
0.2-0.3,773,0.229,0.0052,0.03,0.0672,2008
0.3-0.4,1006,0.2127,0.0666,0.0193,0.0875,2008
0.4-0.5,967,0.2596,0.3361,0.0105,0.0841,2008
0.5-0.6,1057,0.2583,0.28,0.0047,0.0919,2008
0.6-0.7,1091,0.2548,0.0678,-0.0068,0.0949,2008
0.7-0.8,1050,0.2067,0.0067,-0.0148,0.0913,2008
0.8-0.9,1184,0.1622,0.0,-0.0222,0.103,2008
0.9-1.0,3825,0.0298,0.0,-0.0102,0.3326,2008
0.0-0.1,100,0.09,0.0,0.0255,0.0087,2009
0.1-0.2,466,0.1352,0.0,0.0265,0.0405,2009
0.2-0.3,783,0.2222,0.0051,0.0289,0.0681,2009
0.3-0.4,1015,0.2227,0.0709,0.0183,0.0883,2009
0.4-0.5,984,0.247,0.3313,0.0106,0.0856,2009
0.5-0.6,1052,0.2614,0.2814,0.0046,0.0915,2009
0.6-0.7,1097,0.2507,0.0693,-0.005,0.0954,2009
0.7-0.8,1042,0.2255,0.0077,-0.0177,0.0906,2009
0.8-0.9,1174,0.1559,0.0,-0.0214,0.1021,2009
0.9-1.0,3787,0.0301,0.0,-0.0104,0.3293,2009
0.0-0.1,101,0.0891,0.0,0.0265,0.0088,2010
0.1-0.2,476,0.1366,0.0,0.0261,0.0414,2010
0.2-0.3,794,0.2179,0.0063,0.0295,0.069,2010
0.3-0.4,1026,0.229,0.0673,0.0171,0.0892,2010
0.4-0.5,999,0.2472,0.3333,0.0117,0.0869,2010
0.5-0.6,1033,0.2662,0.2991,0.0051,0.0898,2010
0.6-0.7,1124,0.2536,0.0685,-0.0063,0.0977,2010
0.7-0.8,1031,0.225,0.0087,-0.0175,0.0897,2010
0.8-0.9,1185,0.1586,0.0008,-0.0219,0.103,2010
0.9-1.0,3731,0.0314,0.0,-0.0106,0.3244,2010
0.0-0.1,100,0.09,0.0,0.0261,0.0087,2011
0.1-0.2,483,0.1346,0.0,0.027,0.042,2011
0.2-0.3,808,0.2277,0.005,0.0286,0.0703,2011
0.3-0.4,1035,0.2184,0.0696,0.0184,0.09,2011
0.4-0.5,1030,0.2592,0.3243,0.0102,0.0896,2011
0.5-0.6,1032,0.2597,0.2888,0.0035,0.0897,2011
0.6-0.7,1138,0.2548,0.0712,-0.007,0.099,2011
0.7-0.8,1035,0.228,0.0097,-0.0169,0.09,2011
0.8-0.9,1156,0.1557,0.0,-0.0231,0.1005,2011
0.9-1.0,3683,0.031,0.0,-0.0107,0.3203,2011
0.0-0.1,95,0.0632,0.0,0.0257,0.0083,2012
0.1-0.2,498,0.1365,0.0,0.027,0.0433,2012
0.2-0.3,819,0.2259,0.0073,0.0279,0.0712,2012
0.3-0.4,1063,0.222,0.0771,0.0206,0.0924,2012
0.4-0.5,1042,0.2514,0.3177,0.0089,0.0906,2012
0.5-0.6,1060,0.2594,0.2943,0.0021,0.0922,2012
0.6-0.7,1129,0.2684,0.0779,-0.0084,0.0982,2012
0.7-0.8,1030,0.2262,0.0068,-0.0166,0.0896,2012
0.8-0.9,1113,0.1617,0.0009,-0.0226,0.0968,2012
0.9-1.0,3651,0.0307,0.0,-0.0109,0.3175,2012
0.0-0.1,97,0.1031,0.0,0.0308,0.0084,2013
0.1-0.2,493,0.1258,0.0,0.0257,0.0429,2013
0.2-0.3,842,0.2221,0.0071,0.0293,0.0732,2013
0.3-0.4,1092,0.2225,0.0788,0.0198,0.095,2013
0.4-0.5,1067,0.2484,0.314,0.0091,0.0928,2013
0.5-0.6,1107,0.2584,0.2809,0.0006,0.0963,2013
0.6-0.7,1088,0.2693,0.0818,-0.0085,0.0946,2013
0.7-0.8,1048,0.2347,0.0076,-0.0163,0.0911,2013
0.8-0.9,1108,0.1606,0.0,-0.0237,0.0963,2013
0.9-1.0,3558,0.0292,0.0,-0.0108,0.3094,2013
0.0-0.1,96,0.1146,0.0,0.0339,0.0083,2014
0.1-0.2,492,0.1341,0.0,0.026,0.0428,2014
0.2-0.3,867,0.2122,0.0046,0.0288,0.0754,2014
0.3-0.4,1123,0.2244,0.0766,0.0191,0.0977,2014
0.4-0.5,1095,0.2438,0.3142,0.0096,0.0952,2014
0.5-0.6,1108,0.2753,0.2816,0.0016,0.0963,2014
0.6-0.7,1113,0.2731,0.0818,-0.0105,0.0968,2014
0.7-0.8,1027,0.2288,0.0078,-0.0165,0.0893,2014
0.8-0.9,1093,0.1656,0.0,-0.0243,0.095,2014
0.9-1.0,3486,0.0301,0.0,-0.0107,0.3031,2014
0.0-0.1,98,0.1224,0.0,0.034,0.0085,2015
0.1-0.2,493,0.14,0.0,0.0258,0.0429,2015
0.2-0.3,900,0.2078,0.0044,0.0275,0.0783,2015
0.3-0.4,1140,0.2175,0.0728,0.0186,0.0991,2015
0.4-0.5,1110,0.2441,0.3099,0.0102,0.0965,2015
0.5-0.6,1134,0.2804,0.2919,-0.0,0.0986,2015
0.6-0.7,1087,0.2668,0.0754,-0.0102,0.0945,2015
0.7-0.8,1024,0.2334,0.0107,-0.0174,0.089,2015
0.8-0.9,1062,0.1733,0.0,-0.0255,0.0923,2015
0.9-1.0,3452,0.0301,0.0,-0.0108,0.3002,2015
0.0-0.1,96,0.0938,0.0,0.032,0.0083,2016
0.1-0.2,499,0.1423,0.0,0.0274,0.0434,2016
0.2-0.3,915,0.1978,0.0055,0.027,0.0796,2016
0.3-0.4,1154,0.227,0.0711,0.0183,0.1003,2016
0.4-0.5,1125,0.2533,0.3076,0.0095,0.0978,2016
0.5-0.6,1148,0.2805,0.2988,-0.0014,0.0998,2016
0.6-0.7,1072,0.264,0.0709,-0.01,0.0932,2016
0.7-0.8,1020,0.2275,0.0088,-0.0173,0.0887,2016
0.8-0.9,1041,0.1739,0.0,-0.0263,0.0905,2016
0.9-1.0,3430,0.0297,0.0,-0.0106,0.2983,2016
0.0-0.1,96,0.0833,0.0,0.0316,0.0083,2017
0.1-0.2,507,0.144,0.0,0.0274,0.0441,2017
0.2-0.3,930,0.2,0.0043,0.0275,0.0809,2017
0.3-0.4,1176,0.227,0.0748,0.0193,0.1023,2017
0.4-0.5,1128,0.2509,0.2988,0.0082,0.0981,2017
0.5-0.6,1149,0.2829,0.2994,-0.0003,0.0999,2017
0.6-0.7,1076,0.2556,0.0762,-0.0111,0.0936,2017
0.7-0.8,1008,0.2381,0.0089,-0.0184,0.0877,2017
0.8-0.9,1044,0.181,0.0,-0.0278,0.0908,2017
0.9-1.0,3386,0.0275,0.0,-0.0103,0.2944,2017
0.0-0.1,94,0.0851,0.0,0.0313,0.0082,2018
0.1-0.2,512,0.1406,0.0,0.028,0.0445,2018
0.2-0.3,931,0.1923,0.0032,0.0265,0.081,2018
0.3-0.4,1184,0.228,0.0752,0.0193,0.103,2018
0.4-0.5,1160,0.2509,0.3121,0.0085,0.1009,2018
0.5-0.6,1156,0.2907,0.2958,-0.0001,0.1005,2018
0.6-0.7,1077,0.2572,0.0734,-0.0116,0.0937,2018
0.7-0.8,999,0.2452,0.009,-0.0204,0.0869,2018
0.8-0.9,1043,0.186,0.0,-0.0269,0.0907,2018
0.9-1.0,3344,0.0287,0.0,-0.0101,0.2908,2018
0.0-0.1,96,0.0938,0.0,0.0304,0.0083,2019
0.1-0.2,526,0.1331,0.0,0.0267,0.0457,2019
0.2-0.3,947,0.1943,0.0032,0.027,0.0823,2019
0.3-0.4,1195,0.2276,0.0728,0.0181,0.1039,2019
0.4-0.5,1175,0.2604,0.3064,0.0093,0.1022,2019
0.5-0.6,1161,0.2636,0.2963,-0.0005,0.101,2019
0.6-0.7,1109,0.2624,0.0721,-0.013,0.0964,2019
0.7-0.8,967,0.243,0.0134,-0.0189,0.0841,2019
0.8-0.9,1029,0.1798,0.0,-0.0293,0.0895,2019
0.9-1.0,3295,0.0282,0.0,-0.0098,0.2865,2019
0.0-0.1,97,0.1031,0.0,0.0299,0.0084,2020
0.1-0.2,538,0.1431,0.0,0.0271,0.0468,2020
0.2-0.3,955,0.1927,0.0042,0.0262,0.083,2020
0.3-0.4,1243,0.2309,0.0668,0.0187,0.1081,2020
0.4-0.5,1164,0.256,0.3024,0.0078,0.1012,2020
0.5-0.6,1196,0.2793,0.3052,-0.0012,0.104,2020
0.6-0.7,1108,0.2581,0.0659,-0.0106,0.0963,2020
0.7-0.8,979,0.238,0.0123,-0.0222,0.0851,2020
0.8-0.9,986,0.1704,0.0,-0.0282,0.0857,2020
0.9-1.0,3234,0.0284,0.0,-0.0098,0.2812,2020
0.0-0.1,99,0.101,0.0,0.0286,0.0086,2021
0.1-0.2,557,0.1418,0.0,0.0272,0.0484,2021
0.2-0.3,971,0.1988,0.0072,0.0263,0.0844,2021
0.3-0.4,1260,0.2405,0.0659,0.0179,0.1096,2021
0.4-0.5,1193,0.2506,0.3043,0.0072,0.1037,2021
0.5-0.6,1209,0.2796,0.3143,-0.0031,0.1051,2021
0.6-0.7,1125,0.2489,0.0658,-0.008,0.0978,2021
0.7-0.8,953,0.2455,0.0147,-0.0259,0.0829,2021
0.8-0.9,961,0.1655,0.0,-0.0281,0.0836,2021
0.9-1.0,3172,0.0306,0.0,-0.01,0.2758,2021
0.0-0.1,118,0.0847,0.0,0.0251,0.0103,2022
0.1-0.2,585,0.1368,0.0017,0.0268,0.0509,2022
0.2-0.3,1012,0.2006,0.0079,0.0279,0.088,2022
0.3-0.4,1273,0.2435,0.0691,0.0175,0.1107,2022
0.4-0.5,1190,0.2613,0.3025,0.0063,0.1035,2022
0.5-0.6,1241,0.274,0.3102,-0.0036,0.1079,2022
0.6-0.7,1109,0.2417,0.0703,-0.0091,0.0964,2022
0.7-0.8,943,0.2428,0.0106,-0.0267,0.082,2022
0.8-0.9,955,0.1665,0.0,-0.0275,0.083,2022
0.9-1.0,3074,0.0306,0.0,-0.01,0.2673,2022
0.0-0.1,139,0.0935,0.0,0.0232,0.0121,2023
0.1-0.2,622,0.1318,0.0016,0.0267,0.0541,2023
0.2-0.3,1066,0.2092,0.0075,0.0279,0.0927,2023
0.3-0.4,1284,0.2368,0.0639,0.0146,0.1117,2023
0.4-0.5,1186,0.2597,0.3044,0.008,0.1031,2023
0.5-0.6,1257,0.2633,0.3103,-0.0038,0.1093,2023
0.6-0.7,1077,0.2581,0.0752,-0.0107,0.0937,2023
0.7-0.8,962,0.2495,0.0135,-0.026,0.0837,2023
0.8-0.9,917,0.1592,0.0011,-0.0283,0.0797,2023
0.9-1.0,2990,0.0324,0.0,-0.01,0.26,2023
